number,title,authors,year,venue,citations,abstract,url
1,Topic and variation in theoral proficiencyof international teaching assistants,JA Smith,1993,,0,"… with individualITAbackgrounds revealed that betterITA… in anITAdevelopment program,while betterITAperformance on … representative ITAs comparesITAperformance across tests …",https://elibrary.ru/item.asp?id=5810002
2,[B]Measures of spoken assessment in ESL: A comparison of three measures of assessing theoral proficiencyof international teaching assistants at the State …,ZM Noor- 1996,N/A,search.proquest.com,0,"… the methods used to assess theoralproficiencyof ITAs . He found that only 60 out of the96 institutions used at least one measure ofITAoralproficiency. According to Johncock , 35 …",https://search.proquest.com/openview/4eba02d871f0b06678f69bfd7fc19a4d/1?pq-origsite=gscholar&cbl=18750&diss=y
3,Improving Speaking Fluency for International Teaching Assistants by Increasing Input.,"GJ Gorsuch- Tesl-Ej, 2011",N/A,ERIC,0,"… In this study, 28 participants in anITApreparation course engaged in twice-a-week repeatedreading (RR) sessions, in which they repeatedly and silently read 500-word basic popular …",https://eric.ed.gov/?id=EJ927238
4,An investigation into the validity of the TOEFL iBT speaking test forinternational teaching assistant certification,"TL Farnsworth -Language AssessmentQuarterly, 2013",N/A,Taylor & Francis,0,"… to determineITAlanguageproficiency, (the TOP) from a factor analytic perspective, noresearch as yet has linked TOEFL Speaking scores directly to real-life criterion measures ofITA…",https://www.tandfonline.com/doi/abs/10.1080/15434303.2013.769548
5,The SPEAK Test: International Teaching Assistants' and Instructors' Affective Reactions.,D Gokcora,1992,,0,… of theITA. (Ten tables of data are included; 24 references and theITAquestionnaire are …enough of a criterion to tell about theiroralproficiency. They wished they had had been tested …,https://eric.ed.gov/?id=ED351731
6,Communicative competence and the dilemma ofinternational teaching assistant education,"B Hoekje, J Williams - Tesol Quarterly, 1992",N/A,Wiley Online Library,0,"… understanding of the nature ofITAlanguage use and the goals ofITAtraining, we turn to the… as a problem of Englishoralproficiencyeffectiveness, we maintain that, for ITAs, the aim is …",https://onlinelibrary.wiley.com/doi/abs/10.2307/3587005
7,“Authenticity” in language testing: Evaluating spoken language tests for international teaching assistants,"B Hoekje, K Linnell - TESOL quarterly, 1994",N/A,Wiley Online Library,0,… of the evaluation oflanguageproficiencyitself. Despite the in… to evaluate the spokenlanguageproficiencyof NNS TAs or … Topic and variation inITAoralproficiency: SPEAK and field…,https://onlinelibrary.wiley.com/doi/abs/10.2307/3587201
8,"Predicting international teaching assistants' performance in a domain-specific test: The case of complexity, accuracy, fluency, and compensatory strategies",S Mirshahidi,2017,,0,"… Abstract: International teaching assistant (ITA) assessment for screening purposes has …studies show thatITAproficiency entails different skills from generaloralproficiency, research on …",https://search.proquest.com/openview/7b9f6ea3975654f78cb500763675329a/1?pq-origsite=gscholar&cbl=18750
9,Evaluation of language and teaching skill domains for international teaching assistants: An approach based on invariant measurement,"H Chang-Language AssessmentQuarterly, 2022",N/A,Taylor & Francis,0,… One of the key resolutions to the “ITAproblem” lies in the development of effectiveITAtrainingand validITAassessment for capturing the range of skills necessary for ITAs to effectively …,https://www.tandfonline.com/doi/abs/10.1080/15434303.2021.2013487
10,Multidimensional Analysis of Linguistic Features of International Teaching Assistants: Linguistic-Level Authenticity inItaAssessment,H Chang- 2022,N/A,search.proquest.com,0,"… light on the specialized construct ofITAEnglishoralproficiencyas well as informITApedagogyand assessment practices. Moreover, the study will offer methodological implications for …",https://search.proquest.com/openview/f1a68f36069f2862facf34f77e1390ca/1?pq-origsite=gscholar&cbl=18750&diss=y
11,International teaching assistants at universities: A research agenda,"G Gorsuch- Language Teaching, 2016",N/A,cambridge.org,0,"… Second,ITAeducators try to ensure thatITAcourse materials and instruction seem relevantto ITAs and their future communication needs (Gorsuch 2012a). For some time, however, I …",https://www.cambridge.org/core/journals/language-teaching/article/international-teaching-assistants-at-universities-a-research-agenda/732FFDDC64DE5EBDCEEC515468F82D1A
12,[B]ITA Language ProficiencyTesting: Recommended Replacement for the Speak® Test,AM Stoughton,2019,,0,… orallanguageproficiency…oralproficiencyassessment and which should be maintained infuture testing instruments. The findings of this paper provide a structure forITAoralproficiency…,https://search.proquest.com/openview/81cdee97529c1d953bfb6d87636dd36c/1?pq-origsite=gscholar&cbl=18750&diss=y
13,[CITATION][C]TOEFL® Academic speaking test: Setting a cut score for international teaching assistants,"EC Wylie,RJ Tannenbaum- Research Memorandum, 2006",N/A,Citeseer,0,,N/A
14,A needs-based approach to the evaluation of the spoken language ability of international teaching assistants,"S Saif - Canadian Journal of Applied Linguistics, 2002",N/A,journals.lib.unb.ca,0,… a variety of objectives ranging fromlanguageproficiencyand oral communication skills toteaching … could serve as an entry and exit criterion for anITApreparation course; and 4. would …,https://journals.lib.unb.ca/index.php/CJAL/article/view/19844
15,Forecasting SPEAK test score from TOEFL score: a Bayesian model for screening international teaching assistants,"M Gurlitz - 2015 Systems and Information Engineering Design …, 2015",N/A,ieeexplore.ieee.org,0,"… prospective international teaching assistant (ITA) may fail the … the consequences and tradeoffsofITAfunding decisions, a … old cannot accurately predict Englishlanguageproficiency” [12]…",https://ieeexplore.ieee.org/abstract/document/7116971/
16,What the analytic versus holistic scoring of international teaching assistants can reveal: Lexical grammar matters,"W Ma- Language Testing, 2022",N/A,journals.sagepub.com,0,"… oforalproficiencythat is high enough for teaching, many universities in the United StatesprovideITA… Some universities have developed their ownITAscreening tests internally (eg, the …",https://journals.sagepub.com/doi/abs/10.1177/02655322211040020
17,Domain Description: Validating the Interpretation of theTOEFL iBT® Speaking Scores forInternational Teaching Assistant Screeningand Certification Purposes,"E Cotos, YR Chung - ETS Research Report Series, 2018",N/A,Wiley Online Library,0,… the TOEFL iBT Speaking section forITAcertification using factor analysis. His study indicatedthat this test and a local assessment ofITAoralproficiencymeasured the same underlying …,https://onlinelibrary.wiley.com/doi/abs/10.1002/ets2.12233
18,Standard Setting for Next Generation TOEFL Academic Speaking Test (TAST): Reflections on the ETS Panel ofInternational Teaching Assistant Developers.,"D Papajohn- TESL-EJ, 2006",N/A,ERIC,0,"… No one communicates perfectly 100% of the time, so: How often will anITAhave to repeat …minimally acceptableITA? And, how adept at interaction should a minimally acceptableITAbe…",https://eric.ed.gov/?id=EJ1064991
19,Discourse differences between international teaching assistants and university registers: a quantitative corpus approach,"H Chang- Language and Education, 2025",N/A,Taylor & Francis,0,"… 23), as an important component of construct validity for alanguageassessment. In general,ITAassessment is a speaking performance assessment involving teaching simulation task(s)…",https://www.tandfonline.com/doi/abs/10.1080/09500782.2024.2375379
20,International Teaching Assistant(ITA) training program at Bowling Green State University: Putting the needs of ITAs and the expectations of undergraduate native …,S Youssef,2018,,0,"…ITApreparation course (ESOL 5050) at BGSU meet ITAs’ academic and professional needs,undergraduate NESSs’ expectations, andITA… administrators involved inITApreparation-…",https://rave.ohiolink.edu/etdc/view?acc_num=bgsu1522601913474312
21,Validating the Use of TOEFL® iBT Speaking Section Scores to Screen and Set Standards for International Teaching Assistants,"X Xi- Research Spotlight, 2008",N/A,ets.org,0,"… of theITAtest forITAassignments. Whenever feasible, the reliability of the scores on a localITAtest was estimated in this study and then the observed correlation between the localITA…",https://www.ets.org/Media/Research/pdf/SPOTLIGHT1.pdf#page=8
22,Knowledge structures inoral proficiencyinterviews for international teaching assistants,"BA Mohan - … approaches to the assessment oforal proficiency, 2011",N/A,degruyterbrill.com,0,… In so doing I will raise questions about the assessment of theoralproficiencyof … oforalproficiencyinterview s (OPIs) administered to international teaching assistants (ITAs). TheITA's…,https://www.degruyterbrill.com/document/doi/10.1075/sibil.14.12moh/html
23,[CITATION][C]… : Validating the Interpretation of the TOEFL iBT® Test Speaking Scores forInternational Teaching Assistant Screeningand Certification Purposes,"E Cotos, YR Chung",N/A,N/A,0,,N/A
24,Testing language and teaching skills of international teaching assistants: The limits of compensator strategies,"GB Halleck, CL Moder - TESOL Quarterly, 1995",N/A,Wiley Online Library,0,… between the two measures oforalproficiency-the OPI and theITATest. Although the typeof … theITATest suggests a link between overalloralproficiencyand performance on theITA…,https://onlinelibrary.wiley.com/doi/abs/10.2307/3588172
25,A university‐wide assessment and training program for international teaching assistants,"D vom Saal, RJ Miles… - Journal of Agronomic …, 1988",N/A,Wiley Online Library,0,… (ITA) assessment/screening program. The university policy for utilizing IT As requires screeningfororalproficiency… The components of the program provideoralproficiencyscreening for …,https://acsess.onlinelibrary.wiley.com/doi/abs/10.2134/jae1988.0068
26,Validating TOEFL® iBT Speaking and setting score requirements forITAscreening,"X Xi-Language AssessmentQuarterly, 2007",N/A,Taylor & Francis,0,… Speaking as an instrument forITAscreening and evaluates the …ITAscreening tests wereused as the criterion measures. Relationships between the TOEFL iBT Speaking and localITA…,https://www.tandfonline.com/doi/abs/10.1080/15434300701462796
27,INVESTIGATING THE CRITERION‐RELATED VALIDITY OF THE TOEFL®SPEAKING SCORES FORITASCREENING AND SETTING STANDARDS FOR ITAS,"X Xi- ETS Research Report Series, 2008",N/A,Wiley Online Library,0,… Speaking forITAscreening …ITA‐screening tests or instructor recommendations were usedas the criterion measures. Relationships between the TOEFL Speaking test and the localITA…,https://onlinelibrary.wiley.com/doi/abs/10.1002/j.2333-8504.2008.tb02088.x
28,Test taker-initiated repairs in an Englishoral proficiencyexam for international teaching assistants,"SH Kim,I Park- Text & Talk, 2015",N/A,degruyterbrill.com,0,… BecauseITAtests are designed to resemble the tasks ITAs are … We also discuss implicationsforITAtrainers and test … repair initiators found in our test oforalproficiencydata were: (i) …,https://www.degruyterbrill.com/document/doi/10.1515/text-2014-0036/html
29,Undergraduates Learning from Nonnative English-Speaking Teaching Assistants.,N Oppenheim,1996,,0,…ITAinstruction and also where the students perceive that they are less able to benefit fromITAinstruction. … They confirmed that by institutingoralproficiencytesting and training of ITAs …,https://eric.ed.gov/?id=ED394418
30,"Planning, discourse marking, and the comprehensibility of international teaching assistants","J Williams - Tesol Quarterly, 1992",N/A,Wiley Online Library,0,…ITApronunciation is often a problem but may diminish in … had had anITAover an entireterm maintained that theITA’s … of the speakers’languageproficiencyand ability to explain on a …,https://onlinelibrary.wiley.com/doi/abs/10.2307/3586869
31,Exploring the Grammatical Complexity of International Teaching Assistants: A Comparative Corpus Study,"H Chang,A Raeisi‐Vanani- TESOL Quarterly, 2025",N/A,Wiley Online Library,0,"…oralproficiency. Consequently, addressing the nuanced role of grammatical complexity featuresinITA… aimed at improving overalllanguageproficiencyand instructional effectiveness in …",https://onlinelibrary.wiley.com/doi/abs/10.1002/tesq.3349
32,An Investigation of Interactional Authenticity inInternational Teaching Assistant InterviewTesting.,"S Jenkins, I Parra",1997,,0,"…ITAperformance, especially in terms of predictive validity. Author (1996) analyzed videotapedoralproficiency… In the present study, theOralProficiencyTest designed for use at a large …",https://eric.ed.gov/?id=ED411683
33,Topic development in the Englishoral proficiencyinterview for international teaching assistants at the University of Illinois at Urbana-Champaign,K Kim,2017,,0,… the first field trial administration of the newITAoralproficiencytest (the EPI) at theUniversity … study of the neworalproficiencytest for ITAs at University of Illinois at Urbana-Champaign.” …,https://www.ideals.illinois.edu/items/102555
34,Resolvinginternational teaching assistant languageinadequacy through dialogue: Challenges and opportunities for clarity and credibility,"L Li,JP Mazer,R Ju- Communication Education, 2011",N/A,Taylor & Francis,0,… This study examined the effects ofITAself-disclosure of English language inadequacy onteacher clarity and credibility. Results indicate that anITA'sdialogic attempt to resolve …,https://www.tandfonline.com/doi/abs/10.1080/03634523.2011.565352
35,Functional language in curriculum genres: Implications for testing international teaching assistants,"E Cotos, YR Chung - Journal of English for Academic Purposes, 2019",N/A,Elsevier,0,"… in using large-scalelanguageproficiencytest scores for the … English assessment byinvestigating anITAcorpus of laboratory, … for use inITAcontexts, and potentially forITAtraining. …",https://www.sciencedirect.com/science/article/pii/S1475158518305678
36,Becoming the teacher: Changing participant frameworks ininternational teaching assistant discourse,"EF Rine,JK Hall- JK Hall, J. Hellermann, & S. Pekarek Doehler …, 2011",N/A,books.google.com,0,"… Specifically, we present research on oneITA’s development of behaviors typically associatedwith the role of a teacher through his participation in one particular interactive practice, the …",https://books.google.com/books?hl=en&lr=&id=awfPBQAAQBAJ&oi=fnd&pg=PA244&dq=(%22ITA%22+OR+%22Foreign+teaching+assistant*%22+OR+%22International+teaching+assistant*%22+OR+%22Non-native+teaching+assistant*%22)+AND+(%22speaking+assessment*%22+OR+%22rubric*%22+OR+%22language+proficiency%22+OR+%22oral+proficiency%22+OR+%22language+assessment%22+OR+%22accent+assessment%22+OR+%22intelligibility+assessment%22)+-Italian+-lingua&ots=VbU2EZWYgd&sig=jLe4_VkKA9COz2hvfIK_RRkL28E
37,[B]Communicate: Strategies for international teaching assistants,"JA Smith, CM Meyers, AJ Burkhalter",2007,,0,"… variety of individualITAproblems, from whichITAinstructors can choose the information,exercises, and activities most appropriate for their students. Instructors inITAprograms with …",https://books.google.com/books?hl=en&lr=&id=hXUfAAAAQBAJ&oi=fnd&pg=PR1&dq=(%22ITA%22+OR+%22Foreign+teaching+assistant*%22+OR+%22International+teaching+assistant*%22+OR+%22Non-native+teaching+assistant*%22)+AND+(%22speaking+assessment*%22+OR+%22rubric*%22+OR+%22language+proficiency%22+OR+%22oral+proficiency%22+OR+%22language+assessment%22+OR+%22accent+assessment%22+OR+%22intelligibility+assessment%22)+-Italian+-lingua&ots=tm1hpMxdI5&sig=IZMD0VXngRepy9s3Dd9TmH57FTw
38,A corpus-based analysis of grammatical complexity as a measure of international teaching assistants' oral English proficiency,"S Thirakunkovit,RA Rodríguez-Fuentes,K Park… - English for Specific …, 2019",N/A,Elsevier,0,… We hope that the findings of this study will inform the ongoing rating scale validation forITAcontexts by providing test developers and raters with specific evidence of grammatical …,https://www.sciencedirect.com/science/article/pii/S0889490617301254
39,16 Teaching Pronunciation to International Teaching Assistants,"R Oreto - English Pronunciation Teaching: Theory, Practice and …, 2023",N/A,books.google.com,0,"… As nonnative English speakers, they are often required by state law to pass alanguageassessmentin … The purpose of this chapter is to give an overview ofITAtraining in general and …",https://books.google.com/books?hl=en&lr=&id=h3GLEAAAQBAJ&oi=fnd&pg=PT224&dq=(%22ITA%22+OR+%22Foreign+teaching+assistant*%22+OR+%22International+teaching+assistant*%22+OR+%22Non-native+teaching+assistant*%22)+AND+(%22speaking+assessment*%22+OR+%22rubric*%22+OR+%22language+proficiency%22+OR+%22oral+proficiency%22+OR+%22language+assessment%22+OR+%22accent+assessment%22+OR+%22intelligibility+assessment%22)+-Italian+-lingua&ots=JzUt_9NP4-&sig=7WlgOVpu_Fo8cZxzGB5heoP8E2c
40,Oral English Proficiency Requirements for ITAs in US Colleges and Universities: An Issue in Speech Communication.,"RC Dick, BM Robinson",1993,,0,"… not assume that Englishlanguageproficiencyis synonymous with theITA'squalifications to… abilities, those responsible for university-wideITAscreening should continue to refine their …",https://eric.ed.gov/?id=ED360653
41,Towards defining a valid assessment criterion of pronunciation proficiency in non-native English-speaking graduate students,"T Isaacs- Canadian Modern Language Review, 2008",N/A,utppublishing.com,0,…ITAscreening and preparatory courses are a way for institutions to ensure that ITAs do meetoralproficiencystandards. Yet screening practices at North American academic institutions …,https://utppublishing.com/doi/abs/10.3138/cmlr.64.4.555
42,Aiming for positive washback: A case study of international teaching assistants,"S Saif - Language testing, 2006",N/A,journals.sagepub.com,0,"… of a needs-based test of spokenlanguageproficiencyon the content, teaching, classroomactivities and learning outcomes of theITA(international teaching assistants) training program …",https://journals.sagepub.com/doi/abs/10.1191/0265532206lt322oa
43,Discipline-specific practica for international teaching assistants,"GJ Gorsuch- English for Specific Purposes, 2006",N/A,Elsevier,0,"… whether international teaching assistant (ITA) education is best … This report describes a pilotITApracticum which may … service ITAs with experienced TA orITAmentors, with the intention …",https://www.sciencedirect.com/science/article/pii/S088949060500061X
44,Technology Enhanced Accent Modification (TEAM) for International Teaching Assistants (ITAs).,AH Schwartz,1996,,0,… andITAoralproficiency. …ITAOralProficiencyPerformance Three measures were employedevaluate the consequences of accent modification instruction on theoralproficiencyof the …,https://eric.ed.gov/?id=ED414836
45,[CITATION][C]Performance on a general versus a field-specific test of speaking proficiency by international teaching assistants,"D Douglas, L Selinker - A new decade …, 1993",N/A,"TESOL Publications Alexandria, VA",0,,N/A
46,International teaching assistant development: Embracing the “I” inITA,D Cozzarelli,2022,,0,… identities have received little attention inITAresearch and preparation programming. While… teacher self” from across six semesters of anITAdevelopment course. Markus and Nurius’s …,https://search.proquest.com/openview/291228f15cd4a9cd7d2850dba6225e97/1?pq-origsite=gscholar&cbl=18750&diss=y
47,[B]The efficacy of oral Englishlanguage proficiencypolicies for international teaching assistants in institutions of higher education,LA Obi,1995,,0,"… First, defining who is anITA. Second, who should be tested for Englishlanguageproficiency.As … argues, has no relationship tolanguageproficiencyof a teaching candidate. Johncock (…",https://search.proquest.com/openview/9bbb94d20af1f8b0129c6523b1285091/1?pq-origsite=gscholar&cbl=18750&diss=y
48,Cultural and linguistic miscues: A case study ofinternational teaching assistant andacademic faculty miscommunication,"S Jenkins - International Journal of Intercultural Relations, 2000",N/A,Elsevier,0,"… Most faculty interpreted this behavior as lack of motivation, isolationism and unwillingnessto cooperate inITAinstructional … Implications forITAtraining programs are discussed. …",https://www.sciencedirect.com/science/article/pii/S0147176700000110
49,The interactive demonstration of interactional competence in theITATEACH Test,S Wagner,2014,,0,"… In the context of a teaching andlanguageassessment, the framing of the utterance maybe opaque for the prospectiveITA. Ross (1998) argues that frame, as understood in the …",https://repository.upenn.edu/handle/20.500.14332/49539
50,Nonlanguage factors affecting undergraduates' judgments of nonnative English-speaking teaching assistants,"DL Rubin- Research in Higher education, 1992",N/A,Springer,0,"… factor into negative perceptions oflanguageproficiencyand teaching ability (Brown, 1988). …A collaborative approach toITAtraining: The ITAs, faculty, TAs, undergraduate interns, and …",https://link.springer.com/article/10.1007/BF00973770
51,Interactional/Ability Authenticity and the Development of a Criterion-Referenced Performance Test for Evaluating theOral Proficiencyof Teaching Assistants,"S Saif - Working Papers of the Linguistics Circle, 1997",N/A,journals.uvic.ca,0,… This paper addresses the problem ofappropriately assessing theoralproficiencyofnon-nativegraduate students working as teaching assistants (TAs) in English-speaking environments…,http://journals.uvic.ca/index.php/WPLC/article/view/5134/2042
52,A needs-based analysis of cross-cultural competence: A case study on spoken English learning experience of Chinese International Teaching Assistants in the …,"L Ye - Journal of English as an International Language, 2013",N/A,researchgate.net,0,"… factors other thanlanguageproficiencyin determining theITAsuccess. For instance, Bailey(1984), from a study on a typology of teaching assistants, identified successfulITAteaching …",https://www.researchgate.net/profile/C-U-C-Ugorji-2/publication/310460357_Standardising_New_Englishes_A_suggestion_for_phonological_corpora/links/5830e9cb08ae004f74c0f7b6/Standardising-New-Englishes-A-suggestion-for-phonological-corpora.pdf#page=38
53,[B]International teaching assistants—from admissions to placement,CA Ernst,2008,,0,… The introduction to this text emphasizes the fact that the book is geared towards a potentialITAwith a high level oforalproficiency. They note that ITAs with potential proficiency …,https://search.proquest.com/openview/79ee26bb7be5e0696dc15cfa176dfa43/1?pq-origsite=gscholar&cbl=18750
54,[CITATION][C]Self-assessment of English ability of Korean teaching assistants at Iowa State University,S Sohn,1989,,0,,N/A
55,Ratings of L2 oral performance in English: Relative impact of rater characteristics and acoustic measures of accentedness,O Kang- 2008,N/A,openscholar.uga.edu,0,… TheITAspeech samples were acoustically analyzed on 12 measures of …languageassessment.The first part of this section has discussed the historical trends inlanguageassessment. …,https://openscholar.uga.edu/record/9511
56,"[B]Crossing Pedagogical Oceans: International Teaching Assistants in US Undergraduate Education. ASHE-ERIC Higher Education Report No. 8, 1992.",RM Smith,1992,,0,"… onITAcommunication effectiveness,more research is needed in the following areas: (1)classroom characteristics; (2)methods and materials facilitatingITA… thelanguageproficiencyof …",https://eric.ed.gov/?id=ED358810
57,"Effects of accent, ethnicity, and lecture topic on undergraduates' perceptions of nonnative English-speaking teaching assistants","DL Rubin, KA Smith - International journal of intercultural relations, 1990",N/A,Elsevier,0,"The most common response to perceived lack of Englishlanguageproficiencyamongnonnative English speaking teaching assistants (NNSTAs), has been to set up workshops to …",https://www.sciencedirect.com/science/article/pii/014717679090019S
58,[B]Improving theinternational teaching assistant experience: An evaluative study of a training program,SG Stevens- 1988,N/A,search.proquest.com,0,… P articip an ts in many tra in in g programs may also receive d ifferen t treatm ents (Delaware'sITAprogram separates p articip an ts according to th e irlanguageproficiencyin to two …,https://search.proquest.com/openview/0ab24849c99fe87ca86eddf3e916e002/1?pq-origsite=gscholar&cbl=18750&diss=y
59,Teaching in a foreign land: Experiences of international teaching assistants in US engineering classrooms,"A Agrawal,LD McNair, MC Paretti - 2018 ASEE Annual Conference …, 2018",N/A,peer.asee.org,0,… students taught by anITAare from the same country as theITAand hence have the samenative language. This may lead to a dilemma for theITAwhether they should communicate …,https://peer.asee.org/teaching-in-a-foreign-land-experiences-of-international-teaching-assistants-in-u-s-engineering-classrooms
60,Cultural and Pragmatic Miscues: A Case Study ofInternational Teaching Assistant andAcademic Faculty Miscommunication.,S Jenkins,1997,,0,"… met the mathematics department'slanguageproficiencytest … ofITAand faculty teaching,and written evaluations ofITA… study have interesting implications forITAtraining. It is likely …",https://eric.ed.gov/?id=ED411684
61,[B]International teaching assistant programevaluation,Y Shi,2006,,0,"…ITAprograms. The response rate was 70%. It was found that the currentITAprograms hadbroad institutional goals and positive effects on ITAs’ improvement oflanguageproficiency, …",https://search.proquest.com/openview/764f8f5534403def6709acf2480ca1ee/1?pq-origsite=gscholar&cbl=18750&diss=y
62,International teaching assistants and summative and formative student evaluation,"G Gorsuch, J Sokolowski - The Journal of Faculty Development, 2007",N/A,ingentaconnect.com,0,"… While US undergraduates may comment that they cannot understand theirITA, the students… an external L2 education system, his overalllanguageproficiencyis limited, but by defining …",https://www.ingentaconnect.com/content/magna/jfd/2007/00000021/00000002/art00006
63,Development of a framework for computer assisted assessment systems used in oral English proficiency testing of international teaching assistants,KPC Madhavan,2003,,0,"… their state and federal representatives to mandate thelanguageproficiencyof IT As. Parents’… However, face validity does carry weight in a context likeITAoral English proficiency tests, …",https://search.proquest.com/openview/f499a7576021d4d72a77611f3661ebd3/1?pq-origsite=gscholar&cbl=18750&diss=y
64,Implications of student evaluations of teaching forITAdevelopment,"DD Hendel, T Dunham, J Smith, J Solberg, C Tzenis…",1992,,0,…languageproficiency. Students who are not able to verbalize their discomfort with anITA's… ITAs as deficient in English regardless of their actual level of Englishlanguageproficiency. …,https://conservancy.umn.edu/bitstreams/d76e9558-364d-4e4a-9a88-7443b243b3b7/download
65,ReimaginingITAtraining: promoting student-scholars' agency,"N Sahranavard,Q Du- ELT Journal, 2022",N/A,academic.oup.com,0,"… To contribute to the line of research onITAtraining, we present an action research projectthat we conducted on how a transcultural and learner-centred community of ITAs was created …",https://academic.oup.com/eltj/article-abstract/76/4/476/6501650
66,International teaching assistants: Increasing communicative awareness and understanding,"K Yaw,O Kang- Linguistic Discrimination in US Higher Education, 2021",N/A,taylorfrancis.com,0,"… In this study, 63 US undergraduates rated 11 samples ofITAspeech for comprehensibility,oralproficiency, accentedness, and teaching competence. Of the 63 undergraduates, 29 were …",https://www.taylorfrancis.com/chapters/edit/10.4324/9780367815103-5/international-teaching-assistants-katherine-yaw-okim-kang
67,Investigating the effects of discipline and first-language backgrounds on ITAs' instructional discourse patterns,"H Chang- … Journal of English for Academic Purposes …, 2024",N/A,liverpooluniversitypress.co.uk,0,"… train/develop ITAs’ disciplinarylanguageproficiency. Likewise, a standardized speaking …byITAassessments, may be invalid or insufficient for assessing thelanguageproficiencyof all …",https://www.liverpooluniversitypress.co.uk/doi/abs/10.3828/ijeap.2024.2
68,Beyond language barriers: Teaching self-efficacy among East Asian international teaching assistants.,"E Kim - International Journal of Teaching and Learning in …, 2009",N/A,ERIC,0,"… of theirlanguageproficiencyand not necessarily the actual …ITAtraining programs. Despitetheir traditional focus on developing competence in the English language, more and moreITA…",https://eric.ed.gov/?id=EJ899303
69,[CITATION][C]Undergraduates' Ratings of Domestic and International Teaching Assistants: Timing of Data Collection and Communication Intervention.,"RA Smith, RE Strom, N Muthuswamy - Journal of Intercultural Communication …, 2005",N/A,N/A,0,,N/A
70,"The"" foreign TA problem","K Bailey - Bailey, Kathleen M., Ed.; And Others Foreign Teaching …, 1984",N/A,ERIC,0,"… with scores from a directoralproficiencymeasure, the Test of … predictors of a candidate'soralproficiency. For this reason, … and economical way to measureoralproficiency. This tape-…",https://files.eric.ed.gov/fulltext/ED249843.pdf#page=10
71,Adapting to a new role as aninternational teaching assistant:Influenceof communicative competence in this adaptation process,E Bengu- 2009,N/A,rave.ohiolink.edu,0,… review the history of theITAsystem and the increasing presence of the ITAs in the states. In… I discuss the outcomes of the study’s findings and their potential applications toward theITA…,https://rave.ohiolink.edu/etdc/view?acc_num=ucin1242771286
72,The educational cultures of international teaching assistants and US universities,"GJ Gorsuch- Tesl-Ej, 2003",N/A,tesl-ej.org,0,"… This study focuses onITAattitudes related to educational cultures. [-1-] … theITAquestionnaire,while theITAquestionnaire had the more central function of gathering data onITAattitudes…",https://tesl-ej.org/wordpress/issues/volume7/ej27/ej27a1/?wscr
73,HowInternational Teaching Assistant ProgramsCan Prevent Lawsuits.,N Oppenheim,1997,,0,"… As I reviewed theITApolicies and procedures promulgated by the university, it was obvious… 'oralproficiencyis tested. Second, they must provide evidence that theoralproficiency…",https://eric.ed.gov/?id=ED408886
74,Undergraduates' experiences with and attitudes toward international teaching assistants,"BS Plakans - TESOL quarterly, 1997",N/A,Wiley Online Library,0,…Oralproficiencytests forITAscreening may need to include more opportunities for theexaminees to demonstrate their listening skills and ability to respond to typically informal student …,https://onlinelibrary.wiley.com/doi/abs/10.2307/3587976
75,[B]Student linguistic response to perceived foreignness of teaching assistants,TV McCone,1993,,0,… Chapter One examines the problem of international teaching assistant (ITA)languageproficiencyin classes at American universities and explores the roles of speaker and listener in …,https://search.proquest.com/openview/bacb228b5e5b3cfa72ec54d763b0a08d/1?pq-origsite=gscholar&cbl=18750&diss=y
76,[CITATION][C]International teaching assistants' professional identity development in the United States: A multiple case study perspective,"H Wang, M Mantero - EFL Journal, 2018",N/A,N/A,0,,N/A
77,The effects of a technology-supported training system on second language use strategies for international teaching assistants,S Zha- 2006,N/A,mospace.umsystem.edu,0,… inITAtraining programs and implications for future researchers who are interested intechnology-supportedITA… had taken theOralProficiencyTest. Their scores fell in the intermediate …,https://mospace.umsystem.edu/xmlui/handle/10355/4480
78,[CITATION][C]Legal and policy issues in thelanguage proficiencyassessment of international teaching assistants,"K Brown, P Fishman, N Jones",1990,,0,,N/A
79,International teaching assistants' initiation of negotiations in engineering labs,"J Kim - International Journal of Applied Linguistics, 2016",N/A,Wiley Online Library,0,"… in US universities have received attention in theITAtraining services, which is the main reasonfor … They had passed the L2oralproficiencytest for international candidates for teaching …",https://onlinelibrary.wiley.com/doi/abs/10.1111/ijal.12140
80,Topical knowledge in L2speaking assessment:Comparingindependent and integrated speaking test tasks,"HTD Huang, STA Hung,L Plakans- Language Testing, 2018",N/A,journals.sagepub.com,0,Integrated speaking test tasks (integrated tasks) provide reading and/or listening input toserve as the basis for test-takers to formulate their oral responses. This study examined the …,https://journals.sagepub.com/doi/abs/10.1177/0265532216677106
81,Analyzing item bias to validate and revise anITAperformance test,"DT Griffee, J Gevara - Pronunciation in Second Language …, 2011",N/A,iastatedigitalpress.com,0,"… Teaching Assistant (ITA) Performance Test … (ITAuses grammatical structures, word choice,and transitional phrases effectively to provide cohesion to the content) and criterion nine (ITA…",https://www.iastatedigitalpress.com/psllt/article/id/15190/
82,Capturing the experiences of international teaching assistants in the US American classroom,"A Hebbani,KG Hendrix- New Directions for Teaching and …, 2014",N/A,Wiley Online Library,0,"… Most were aware that their Englishlanguageproficiencyand cultural difference would come… So in that sense, this study provides a macro view of theITAexperience regardless of their …",https://onlinelibrary.wiley.com/doi/abs/10.1002/tl.20097
83,Teaching suprasegmentals to international teaching assistants using field-specific materials,"J Anderson-Hsieh - English for Specific Purposes, 1990",N/A,Elsevier,0,… studies are presented andITAtesting and training issues are … ofITAcompetence have beenidentified as goals forITA… who do not pass theoralproficiencyscreening test tend to have …,https://www.sciencedirect.com/science/article/pii/0889490690900133
84,The diversity discourse and language ideologies around international teaching assistants,"JS Kim - Critical Discourse Studies, 2020",N/A,Taylor & Francis,0,… The research explores how discourses onITA’ diversity have … SEP was administering anoralproficiencytest to certify ITAs … advanced level of Englishlanguageproficiencyas well as …,https://www.tandfonline.com/doi/abs/10.1080/17405904.2019.1661860
85,[B]International teaching assistants and the essence of the development of intercultural competence,MJF LaRocco,2011,,0,"… fororalproficiencyin English, and administering anITA…ITAtraining programs? I believethe experiences of ITAs can provide a wealth of insight for professionals involved withITA…",https://search.proquest.com/openview/92a1d9777e85bfbf218f28a3944053bc/1?pq-origsite=gscholar&cbl=18750
86,Understanding Undergraduate Students' Perceptions of International Teaching Assistants,AA Khan- 2013,N/A,opensiuc.lib.siu.edu,0,"… useful insights toITAeducators who are considering whether or not to developITAtraining… not seem to be due to the lack oflanguageproficiencyof the foreign-accented ITAs. Flesher, …",https://opensiuc.lib.siu.edu/cgi/viewcontent.cgi?referer=&httpsredir=1&article=1762&context=dissertations
87,Predicting success for international teaching assistants in a US university,"G Yule, P Hoffman - TESOL Quarterly, 1990",N/A,Wiley Online Library,0,…ITAon the basis of application data. If our expertise as second language educators is soughtto solve a generalITA… measure of the students’oralproficiencyprior to their arrival. In any …,https://onlinelibrary.wiley.com/doi/abs/10.2307/3586900
88,TheITAproblem: A ready-to-use simulation,"GB Halleck - Simulation & Gaming, 2008",N/A,journals.sagepub.com,0,"… ITAs improve theiroralproficiency(so that they can pass the SPEAK Test, required of theBoard of Regents) and one to help ITAs pass the mock teaching test (TheITATest, required for …",https://journals.sagepub.com/doi/abs/10.1177/1046878107308060
89,Characterizing successful classroom discourse for NNS teaching assistant training,"PL Rounds - TESOL quarterly, 1987",N/A,Wiley Online Library,0,… Even NNSs who have excellent “everyday”languageproficiencyare language learners tothe extent that they need to acquire the specific pedagogical language of the US university. …,https://onlinelibrary.wiley.com/doi/abs/10.2307/3586987
90,The development of the Test of Oral English Proficiency for Academic Staff (TOEPAS): Technical Report,"J Kling, LS Stæhr - … , Denmark: Centre for Internationalisation and Parallel …, 2012",N/A,cip.ku.dk,0,"… Therefore, this report will also touch upon some of the challenges that arise when developinganoralproficiencydevelopment tool for highly advanced speakers who operate in a …",https://cip.ku.dk/english/certification/publicationsabouttoepas/The_development_of_the_Test_of_Oral_English_Proficiency_for_Academic_Staff__TOEPAS__-_Technical_Report.pdf
91,Investigation of international teaching assistants' perceptions of their teaching self-efficacy and their understanding of culturally responsive teaching pedagogy: a case …,Q Chen,2019,,0,… one focus group discussion and two reflective journals from theITAparticipants. Gay’s …recommendations toITAprogram directors and faculty members from ITAs’ academic …,https://baylor-ir.tdl.org/items/ab086926-6f33-4f7d-8624-9b7478b268aa
92,Temple University'sITAplacement test in times of COVID-19,"E Wagner, A Krylova -Language AssessmentQuarterly, 2021",N/A,Taylor & Francis,0,"When the COVID-19 pandemic made it impossible to do in-person, on campus testing, wewere forced to create a new system to screen International Teaching Assistants (ITA) for …",https://www.tandfonline.com/doi/abs/10.1080/15434303.2020.1862849
93,Understanding US undergraduate students' perceptions of international teaching assistants,"AA Khan,M Mallette- The CATESOL Journal, 2019",N/A,escholarship.org,0,"… The purpose of this test is to assess theITA’soralproficiency. Although there is no referenceto assessing the teaching ability of theITAon the score sheet, members of the testing team …",https://escholarship.org/uc/item/3fr339sv
94,Modeling statistics ITAs' speaking performances in a certification test,Z Zhou- 2020,N/A,search.proquest.com,0,… scoring technologies in local assessment contexts is much desired but rarely realizedbecause the system’s inner workings have remained unfamiliar to manylanguageassessment…,https://search.proquest.com/openview/1a113278a0971c8d1ecfcb5b58316120/1?pq-origsite=gscholar&cbl=18750&diss=y
95,Current Approaches to International TA Preparation in Higher Education: A Collection of Program Descriptions.,"G Bauer,M Tanner- 1994",N/A,ERIC,0,"… all international graduate students who do not have sufficientlanguageproficiencytoenroll in the ALP'sITAcourse. Since 1986, the following departments have participated in the …",https://eric.ed.gov/?id=ED371654
96,A thematic analysis of international teaching assistants' stigma experience in a US university: English-proficiency determinism,"Y Zhu,MJ Bresnahan- Journal of International and Intercultural …, 2021",N/A,Taylor & Francis,0,… Other factors have been studied in addition to perception oflanguageproficiency. Bresnahan… see theITAas too demanding and interpret the quizzical response from theITAas dislike. …,https://www.tandfonline.com/doi/abs/10.1080/17513057.2020.1762110
97,"Cultural, professional and personal influences on the teaching identity development of international teaching assistants",GM Williams- 2006,N/A,openscholar.uga.edu,0,"… mostITAcurricula. This section will describe the various components oflanguageproficiencythat … fluency will make theITAseem more confident in hislanguageproficiency. Therefore, …",https://openscholar.uga.edu/record/7521
98,[CITATION][C]ITAOral Assessment: The examinee's perspective,"JC Gallego, J Goodwin… - … the professoriate of …, 1991",N/A,"Kendall-Hunt Dubuque, IA",0,,N/A
99,Issues in having international teaching assistants in engineering evaluate undergraduate writing,"J Lax - 2002 Annual Conference, 2002",N/A,peer.asee.org,0,"… Most international teaching assistants now teaching have met some type of Englishlanguageproficiencycriteria, and many undergraduate students, while still struggling to understand …",https://peer.asee.org/issues-in-having-international-teaching-assistants-in-engineering-evaluate-undergraduate-writing.pdf
100,Sources of Conflict inInternational Teaching Assistant(ITA) Training Programs.,G De Berly,1997,,0,…ITAtrainers and their constituencies as perceived byITA… settings: between anITAand theITAtrainer/administrator; … and theITA; and between a department head and theITAtrainer/…,https://eric.ed.gov/?id=ED423777
101,An investigation into the effects of topic and background knowledge of topic on second language speaking performance assessment inlanguage proficiency…,N Khabbazbashi- 2013,N/A,ora.ox.ac.uk,0,… on spoken performance inlanguageproficiencyinterviews. It … measure of general Englishlanguageproficiency. Four raters … compared to generallanguageproficiencywhich accounted …,https://ora.ox.ac.uk/objects/uuid:359c8956-4561-43a8-a7ae-eba1e0dab51c
102,[CITATION][C]THE GRADUATE SCHOOL SYRACUSE UNIVERSITY,TA English,N/A,N/A,0,,N/A
103,A professional development activity to better support international graduate teaching assistants in evaluating scientific writing,"LL Walsh, Z Jia, J Vernon - Journal of Microbiology & Biology …, 2020",N/A,journals.asm.org,0,"… One study in a large psychology course found that undergraduate students with anITAreceived significantly lower grades than students with domestic GTAs (7). However, research …",https://journals.asm.org/doi/abs/10.1128/jmbe.v21i1.1959
104,The TOEFL test of spoken English and the genesis of an ETS approach to speaking assessment,"L Davis - Challenges and innovations in speaking assessment, 2024",N/A,taylorfrancis.com,0,… By the early 1990sITAtraining pro grams were beginning to use locally developed face-to-…levels of Englishlanguageproficiencyneeded to conduct anoralproficiencyinterview. …,https://www.taylorfrancis.com/chapters/edit/10.4324/9781315201504-4/toefl-test-spoken-english-genesis-ets-approach-speaking-assessment-larry-davis
105,Discourse structure and the perception of incoherence in international teaching assistants' spoken discourse,"A Tyler - Tesol Quarterly, 1992",N/A,Wiley Online Library,0,…ITAstudies and training programs is lack of access to audiences which match the backgroundknowledge and motivation of students in an ongoing class. ManyITA…languageproficiency…,https://onlinelibrary.wiley.com/doi/abs/10.2307/3586870
106,"[B]Rater Effects inITATesting: ESL Teachers' versus American Undergraduates' Judgments of Accentedness, Comprehensibility, andOral Proficiency.",CN Hsieh- 2011,N/A,ERIC,0,"… severity with respect to their ratings oforalproficiency. However, the comparisons of ratings… important bearings on raters' judgments ofITAspeech. [The dissertation citations contained …",https://eric.ed.gov/?id=ED529548
107,"Rater severity differences in English language as a second languagespeaking assessment basedon rating experience, training experience, and teaching experience …","MF Mohd Noh,MEE Mohd Matore- Frontiers in Psychology, 2022",N/A,frontiersin.org,0,"… Based on their recent examination result, the candidates are heterogenous in theirlanguageproficiency. They self-reported their recent grade in English Language subject (6 …",https://www.frontiersin.org/journals/psychology/articles/10.3389/fpsyg.2022.941084/full
108,"Oral Englishlanguage proficiencyof ITAs: Policy, implementation, and contributing factors","CF Thomas, PK Monoson - Innovative Higher Education, 1993",N/A,Springer,0,"… assessing thelanguageproficiencyof ITAs tended to be structured, relying heavily on theTSE which precludes measuring theITA'sability to demonstrate theirlanguageproficiencyin a …",https://link.springer.com/article/10.1007/BF00915601
109,Language attitudes and the 'ITAproblem': Undergraduate reactions to instructors'(non) nativeness and pitch variation,"S Lindemann, A Clower - International Journal of Applied …, 2020",N/A,Wiley Online Library,0,… 1.2 Listener attitude as a possible source of the ‘ITAproblem’ The finding that the listeners'background is also relevant to ratings of ITAs'oralproficiencyand teaching competence …,https://onlinelibrary.wiley.com/doi/abs/10.1111/ijal.12271
110,"Language assessmentas a system: Best practices, stakeholders, models, and testimonials","N Avineri, Z Londe,B Hardacre, L Carris… - Issues in Applied …, 2010",N/A,escholarship.org,0,"…languageassessmentthrough their discussion of stakeholders (Zsuzsa Cziraky Londe), adetailed examination of one model forlanguageassessment(the Test ofOralProficiency…ITA…",https://escholarship.org/content/qt9c20c0wn/qt9c20c0wn.pdf
111,[CITATION][C]International Teaching Assistants and Cultural Differences: Student Evaluations of Rapport,"WE Davis - Approachability, Enthusiasm and Fairness, 1991",N/A,N/A,0,,N/A
112,Curriculum Renewal in Training Programs for International Teaching Assistants.,R Young- 1990,N/A,ERIC,0,"… of the boundaries ofITAtraining activities. A …ITAtraining, inadequate program evaluation,doubts about the validity of a co:-,only-usedlanguageproficiencytest, neglect of theITA'sroles …",https://eric.ed.gov/?id=ED317067
113,Testing AcademicLanguage Proficiency,ST Cushing,N/A,ets.org,0,This report provides an in-depth comparison of TOEFL iBT® and the Duolingo English Test (DET)in terms of the degree to which both tests assess academiclanguageproficiencyin …,https://www.ets.org/Media/Research/pdf/RR-25-01.pdf
114,EvaluatingITAPreparation Programs: Intensive versus Concurrent.,J Williams,1990,,0,… I should qualify this latter statement by saying that not all of the students showed similarlanguageproficiencybut a similar range of abilitywas found in the two groups. All were recent …,https://eric.ed.gov/?id=ED332502
115,Using reflective dialogic blogs with international teaching assistants,"E Arshavskaya- Writing & Pedagogy, 2016",N/A,utppublishing.com,0,"… theItAtraining process. In order to address the various challenges that ItAs encounter,ItA…blogs to be helpful in improving theirlanguageproficiency. Some of the students pointed to …",https://utppublishing.com/doi/abs/10.1558/wap.26725
116,[B]The relationship between English proficiency of foreign teaching assistants and their perceived teaching effectiveness at the University of South Carolina,GP Moses,1991,,0,This study sought to investigate the notion that foreign teaching assistants are inferior tonative teaching assistants principally because of deficiencies in use of the English Language. …,https://search.proquest.com/openview/5c55584b6a9a4d3dc0ae5f9bda1bd360/1?pq-origsite=gscholar&cbl=18750&diss=y
117,[B]Assessing the parallelism of four SPEAK test forms,DM Steele,2001,,0,"… oforalproficiencyassessment follows. This section includes a discussion of the operationalizationof a theory forlanguageproficiency, … theITAwhen he or she talks and that theITAmay …",https://search.proquest.com/openview/fe55036955c009e0a58e5d2b634bc4f9/1?pq-origsite=gscholar&cbl=18750&diss=y
118,[CITATION][C]THE ISSUE: International Teaching Assistants in Higher Education: New Perspectives and Possibilities,"M Bigelow- The Modern Language Journal, 2022",N/A,Wiley Online Library,0,"… ally screened and tested to ensure adequatelanguageproficiencylevels. At the same time,… I teach, as an illustrative example of changes toITApolicy, practice, and discourse over time…",https://onlinelibrary.wiley.com/doi/abs/10.1111/modl.12783
119,Rater cognition in L2speaking assessment:Areview of the literature,Q Han,2015,,0,This literature review attempts to survey representative studies within the context of L2 speakingassessment that have contributed to the conceptualization of rater cognition. Two types …,https://academiccommons.columbia.edu/doi/10.7916/D82R53MF
120,"Multiple layers of meaning in anoral proficiencytest: The complementary roles of nonverbal, paralinguistic, and verbal behaviors in assessment decisions","S Jenkins, I Parra - The Modern Language Journal, 2003",N/A,Wiley Online Library,0,This study investigated the influence of nonverbal behavior in the context of interactive talkduring the assessment of anoralproficiencyinterview test. The participants were 4 Spanish–…,https://onlinelibrary.wiley.com/doi/abs/10.1111/1540-4781.00180
121,Wyoming/NAFSA Institute on Foreign TA Training. Working Papers. Volume II.,JC Constantinides,1988,,0,"… form of evaluation of the students'languageproficiencyand/or pedagogical skills before …fall into three general categories:(1)languageproficiencytests,(2) tests requiring simulated …",https://eric.ed.gov/?id=ED358805
122,"Using Multi-faceted Rasch Analysis to Examine Raters, Prompts, and Rubrics in an Office-Hour Role-Play Task","H Ren,SD Looney, ST Cushing - Local Language Testing: Practice …, 2023",N/A,Springer,0,"… The decisions based onITAscreening test scores are critical to the length and quality of …prospectiveITA’soralproficiencyand teaching ability. Typically, these locally administeredITA…",https://link.springer.com/chapter/10.1007/978-3-031-33541-9_2
123,Answering questions in LPIs: A case study,"AW He - … approaches to the assessment oforal proficiency, 2011",N/A,degruyterbrill.com,0,"… Focusing on one specific LPI session whose goal is to assess theoralproficiencylevel ofaprospective international teaching assistant (ITA), this chapter describes aspects of discourse …",https://www.degruyterbrill.com/document/doi/10.1075/sibil.14.08he/html
124,The impact of rater characteristics on oral assessments of secondlanguage proficiency,YW Su,2014,,0,"… ), a semi-direct test used as theITAscreening tool at the university where the research was… had a minimal impact on rater severity inoralproficiencyratings. However, it shaped the …",https://repositories.lib.utexas.edu/items/9ceaa4f1-d42a-4fdd-bc89-d51ad43dbf78
125,Investigating the influences on the teaching identity of international teaching assistants,"G Williams- Identity and second language learning: Culture …, 2007",N/A,books.google.com,0,… Such an understanding will enableITAtrainers to develop more usefulITAtraining methodsthat are personally relevant to the ITAs rather than simply imposing American educational …,https://books.google.com/books?hl=en&lr=&id=-fknDwAAQBAJ&oi=fnd&pg=PA305&dq=(%22ITA%22+OR+%22Foreign+teaching+assistant*%22+OR+%22International+teaching+assistant*%22+OR+%22Non-native+teaching+assistant*%22)+AND+(%22speaking+assessment*%22+OR+%22rubric*%22+OR+%22language+proficiency%22+OR+%22oral+proficiency%22+OR+%22language+assessment%22+OR+%22accent+assessment%22+OR+%22intelligibility+assessment%22)+-Italian+-lingua&ots=Kh0o_Ef-Sx&sig=v-q53WFoYuE7Ol0VBSelRbTFMhY
126,"A Descriptive Study of Communication and Teaching Strategies Used by Two Types of International Teaching Assistants at the University of Minnesota, and Their …",D Gokcora,1989,,0,"… This paper examines two aspects of theITAsituation of the University of Minnesota: the useof communication strategies by two types of ITAs in the classroom, and cultural perceptions …",https://eric.ed.gov/?id=ED351730
127,Students-as-informants: Investigating the use of feedback by ITAs,DK Little,2016,,0,… be a good fit for theITAtraining program and for later guiding … the ESL bubble of theITAtraining program and enter four … do not assess Englishlanguageproficiencyof the instructor. …,https://rave.ohiolink.edu/etdc/view?acc_num=osu1461173392
128,Topic and background knowledge effects on performance in speaking assessment,"N Khabbazbashi- Language Testing, 2017",N/A,journals.sagepub.com,0,This study explores the extent to which topic and background knowledge of topic affectspoken performance in a high-stakes speaking test. It is argued that evidence of a substantial …,https://journals.sagepub.com/doi/abs/10.1177/0265532215595666
129,A Study of Characteristics of the SPEAK Test,"SM Sarwark, J Smith, R MacCallum… - ETS Research Report …, 1994",N/A,Wiley Online Library,0,"… WouldITASPEAK scores, when compared with independently obtained student ratingsof …languageproficiencyand thus appropriate selection measures for this important task? …",https://onlinelibrary.wiley.com/doi/abs/10.1002/j.2333-8504.1994.tb01620.x
130,Using Generalizability Theory to examine error variance in the SPEAK scoring rubric.,"JR GEVARA - International Journal of Language Studies, 2013",N/A,search.ebscohost.com,0,"…ITAassessments of English proficiency soon began to be developed by testing companies… His research interests include second language testing, secondlanguageassessment, …",https://search.ebscohost.com/login.aspx?direct=true&profile=ehost&scope=site&authtype=crawler&jrnl=21574898&AN=93580662&h=T2en4Nhlp%2Bw89t7HFtHcyZ8Qhy06oo5IkE6QpMQZnvoid%2Fla1EsgTwqVLSEfJ%2FI6bcOpkw%2FI2McSiWeIBYlhmA%3D%3D&crl=c
131,of Project,"CN Hsieh,P Winke- tirfonline.org",N/A,N/A,0,"… In this study, I compared ratings oforalproficiency, accentedness, and … measures ofITAspeech. I also explored factors to which raters attended while they evaluatedITAoralproficiency. …",https://www.tirfonline.org/wp-content/uploads/2012/10/TIRF_DDG_2010_Hsieh-FINAL.pdf
132,VALIDITY EVIDENCE: UNDERGRADUATE STUDENTS'PERCEPTIONS OF TOEFL IBT HIGH SCORE SPOKEN RESPONSES,"M Dalman,O Kang- International Journal of Listening, 2023",N/A,Taylor & Francis,0,"… regarding their success as anITA. Thus, universities are recommended to take otherforms of screening measures for evaluatingoralproficiencyof NNSs before assigning them …",https://www.tandfonline.com/doi/abs/10.1080/10904018.2021.1929993
133,14: Using Undergraduates to Prepare International Teaching Assistants for the American Classroom,"WE Christian, BJ Rybarczyk - To improve the academy, 2013",N/A,Wiley Online Library,0,"… a list of best practices for including undergraduates inITAtraining. … TheITAliterature identifiesthree main actors in the … do not have the Englishlanguageproficiencyskills, pedagogical …",https://onlinelibrary.wiley.com/doi/abs/10.1002/j.2334-4822.2013.tb00708.x
134,Beyond proficiency: An asset-based approach tointernational teaching assistant training,"LM Swan, S Kramer, A Gopal, L Shi… - The Journal of Faculty …, 2017",N/A,search.proquest.com,0,… complete a remedial oral English language class prior to serving as anITA.Languageproficiencymay be only one of several factors departments consider when allocating teaching …,https://search.proquest.com/openview/f4befe944d0481a2195e3d510728d70e/1?pq-origsite=gscholar&cbl=39886
135,Journal writing in the training of international teaching assistants,"I Stevenson, S Jenkins - Journal of Second Language Writing, 1994",N/A,Elsevier,0,"… Although the literature onITAneeds had suggested that the need for personal support was… for support existed mainly with regard tolanguageproficiencyand cultural issues, as the …",https://www.sciencedirect.com/science/article/pii/1060374394900108
136,"AI-CiciBot as Conversational Partners in EFL Education, focusing on Intelligent Technology Adoption (ITA) to Mollify Speaking Anxiety","M Muthmainnah- Journal of English language teaching and …, 2024",N/A,researchgate.net,0,… The aim is to explore the integration of intelligent technology adoption (ITA) into classrooms… anxiety and improveoralproficiency. It also highlights the importance ofITAin encouraging …,https://www.researchgate.net/profile/Muthmainnah-2/publication/384877064_AI-CiciBot_as_Conversational_Partners_in_EFL_Education_focusing_on_Intelligent_Technology_Adoption_ITA_to_Mollify_Speaking_Anxiety/links/670f24027797480e894beef8/AI-CiciBot-as-Conversational-Partners-in-EFL-Education-focusing-on-Intelligent-Technology-Adoption-ITA-to-Mollify-Speaking-Anxiety.pdf
137,"Fluency, comprehensibility, and accentedness in L2 speech: Examining the role of visual and acoustic information in listener judgments","B Gokgoz-Kurt- Australian Journal of Applied Linguistics, 2023",N/A,castledown.com,0,… TheITAspeech samples selected for the study were drawn from a database ofITA… classroomsetting during theITAoralproficiencyexam required of allITAcandidates wishing to teach …,http://www.castledown.com/journals/ajal/article/view/ajal-v6n1-1026
138,The effect of role play and dialogue techniques on the eighth grade students' speaking fluency,MAIta- 2015,N/A,repositori.ukwms.ac.id,0,"Many learners still assume that learning English is very difficult, particularly to master thespeaking skill. In general, students are having a problem to speak fluently. The difficulty was …",https://repositori.ukwms.ac.id/id/eprint/6984
139,"Opposite worlds, singular mission: Teaching as anITA","CN Mutua- New Directions for Teaching and Learning, 2014",N/A,Wiley Online Library,0,… The most visible aspect of the “ITAproblem” involves Englishlanguageproficiency. Most ofthe past literature has dealt with individuals for whom English was a second language (that is…,https://onlinelibrary.wiley.com/doi/abs/10.1002/tl.20096
140,Evaluation rubrics: a tool for laboratory activities assessment in chemistry and physics,"A Andracchio, S Zappoli, G Passarelli… - Atti del XXIII Congresso …, 2009",N/A,cris.unibo.it,0,Rubrics are a powerful tool for the evaluation of complex activities or authentic tasks. In thesesituations the final score is best represented when the task is subdivided in well defined …,https://cris.unibo.it/handle/11585/88082
141,Nuclear Engineering Technology Students Capstone Experience to Assess the Technical Competencies: A Case Study,"R Long, A Memon, LF Shih, B Thinger - 2006 Annual Conference & …, 2006",N/A,peer.asee.org,0,"… objectives 1-6 during week 4, draft learning statements forITAobjectives 7-13 during week5, different parts of theITAduring weeks 5 through 12, andITAreport as indicated in the …",https://peer.asee.org/nuclear-engineering-technology-students-capstone-experience-to-assess-the-technical-competencies-a-case-study
142,[B]The art of nonconversation: A reexamination of the validity of theoral proficiencyinterview,M Johnson,2008,,0,"… one, and it represents the main focus of the book: Is theOralProficiencyInterview a valid …In particular, theOralProficiencyInterview (OPI) is a very popular instrument for assessing …",https://books.google.com/books?hl=en&lr=&id=D9btjk-00iEC&oi=fnd&pg=PP7&dq=(%22ITA%22+OR+%22Foreign+teaching+assistant*%22+OR+%22International+teaching+assistant*%22+OR+%22Non-native+teaching+assistant*%22)+AND+(%22speaking+assessment*%22+OR+%22rubric*%22+OR+%22language+proficiency%22+OR+%22oral+proficiency%22+OR+%22language+assessment%22+OR+%22accent+assessment%22+OR+%22intelligibility+assessment%22)+-Italian+-lingua&ots=WKpVoSqRoF&sig=yvopYsPHNyBf1xpKIIxEjgcONqY
143,Listeners and raters: Similarities and differences in evaluation of accented speech,"X Yan, A Ginther - Assessment in second language pronunciation, 2017",N/A,taylorfrancis.com,0,"… In this section, issues related to thelanguageproficiencyof … teaching as part of an operationalITAtest is a decision that must …languageproficiencyand teaching effectiveness, someITA…",https://www.taylorfrancis.com/chapters/edit/10.4324/9781315170756-5/listeners-raters-xun-yan-april-ginther
144,Enhancing communication between ITAs and US undergraduate students,"O Kang, M Moran - A transdisciplinary approach to international …, 2019",N/A,researchgate.net,0,"… in anITAsetting, an undergraduate student who has structured contact with a ChineseITAmight not only feel more positive about thatITA…ITAoralproficiencyand teaching competence. …",https://www.researchgate.net/profile/Okim-Kang/publication/338274368_5_Enhancing_Communication_between_ITAs_and_US_Undergraduate_Students/links/616e4072951b3574c6675cfe/5-Enhancing-Communication-between-ITAs-and-US-Undergraduate-Students.pdf
145,Language assessmentand the inseparability of lexis and grammar: Focus on the construct of speaking,"U Römer- Language Testing, 2017",N/A,journals.sagepub.com,0,"… researchers’ understanding oflanguageproficiency, in other … a speaker’s spokenlanguageproficiency, refers to errors of … begun to look atlanguageproficiencymore holistically and …",https://journals.sagepub.com/doi/abs/10.1177/0265532217711431
146,Student comprehension of and growth in creating value with an entrepreneurial mindset,"S Youssef, MEIta,RL Kajfez- 2023 ASEE Annual Conference & …, 2023",N/A,peer.asee.org,0,"(Full Research Paper) Over the past several years, the first-year engineering program at ouruniversity has undergone a re-design to consider opportunity and impact in the context of …",https://peer.asee.org/student-comprehension-of-and-growth-in-creating-value-with-an-entrepreneurial-mindset
147,"[CITATION][C]A collaborative approach toITAtraining: The ITAs, faculty, TAs, undergraduate interns, and undergraduate students","J Civikly, D Muchisky - Preparing the professoriate of …, 1991",N/A,"Kendall/Hunt Dubuque, IA",0,,N/A
148,Relative Impact of Pronunciation Features on Ratings of Non-Native Speakersâ€™Oral Proficiency,"O Kang- Pronunciation in Second Language Learning and …, 2012",N/A,iastatedigitalpress.com,0,"… contribution of each of the pronunciation categories to the overalloralproficiencyjudgments.… The role of tone choice in improvingITAcommunication in the classroom. TESOL Quarterly, …",https://www.iastatedigitalpress.com/psllt/article/id/15198/
149,Development of biophy magazine containing local wisdom to improve problem solving ability and promote environmental awareness campaign,"L Fitriah,IIta- Jurnal Penelitian Pendidikan IPA, 2022",N/A,jppipa.unram.ac.id,0,"The purpose of this study was to describe the validity and effectiveness of BioPhy Magazinebased on local wisdom, which was developed to improve problem-solving skills and …",https://jppipa.unram.ac.id/index.php/jppipa/article/view/1275
150,An overview of COVID-19's impact on English language university admissions and placement tests,"GJ Ockey-Language AssessmentQuarterly, 2021",N/A,Taylor & Francis,0,The COVID-19 pandemic led to rapid innovation amonglanguageassessmentdeveloperswho had to adapt their testing processes to address various restrictions from governments …,https://www.tandfonline.com/doi/abs/10.1080/15434303.2020.1866576
151,Upholdinglanguage assessmentquality during the COVID-19 pandemic: Some final thoughts and questions,"AA Muhammad,GJ Ockey-Language AssessmentQuarterly, 2021",N/A,Taylor & Francis,0,"… for Temple University’sITAtesting team to improve the … , and Temple University’sITAtestall had human proctors who … for test takers with limitedlanguageproficiencybefore taking the …",https://www.tandfonline.com/doi/abs/10.1080/15434303.2020.1867555
152,Using Undergraduates to Prepare International Teaching Assistants for the American Classroom: Development of Senior Faculty,"WE Christian, BJ Rybarczyk",2013,,0,"… a list of best practices for including undergraduates inITAtraining. … TheITAliterature identifiesthree main actors in the … do not have the Englishlanguageproficiencyskills, pedagogical …",https://digitalcommons.unl.edu/podimproveacad/816/
153,[B]Oral proficiencytesting and language progress over time,IP Olivares,1998,,0,"… Third, it is important to understand the general status ofITAlanguageassessment. Thiscurrent work falls scuarely into the growing body ofITArelated research. A selection of …",https://search.proquest.com/openview/016194b4fe507956de693044eb8358b6/1?pq-origsite=gscholar&cbl=18750&diss=y
154,"Dominance in academic writing tutorials: Gender,language proficiency, and the offering of suggestions","T Thonus - Discourse & Society, 1999",N/A,journals.sagepub.com,0,"This article investigates tutor dominance in academic writing tutorials within the framework ofinstitutional discourse. Tutor gender and tutee gender andlanguageproficiency, as well as …",https://journals.sagepub.com/doi/abs/10.1177/0957926599010002005
155,Analyzingoral proficiencytest performance in general and specific purpose contexts,"D Douglas, L Selinker - System, 1992",N/A,Elsevier,0,"…oralproficiencytest, constructed by manipulating test method facets, would be a better predictorof field-specific performance than a general purposeoralproficiency… oforalproficiency…",https://www.sciencedirect.com/science/article/pii/0346251X92900433
156,An investigation of the impact of jagged profile on L2 speaking test ratings: Evidence from rating and eye-tracking data,"W Ma,P Winke-Language AssessmentQuarterly, 2022",N/A,Taylor & Francis,0,"The factors that influence rater scoring have been a subject of great interest to researchersin secondlanguageassessment. However, the research on the impact of test-takers’ speech …",https://www.tandfonline.com/doi/abs/10.1080/15434303.2022.2078720
157,[CITATION][C]Language proficiencylegislation and theITA,"K Brown, P Fishman, N Jones - Preparing the professoriate of tomorrow to teach, 1991",N/A,N/A,0,,N/A
158,"La validazione qualitativa di adASTRA, una suite dirubric perla progettazione/realizzazione di eLearning di qualità.","PMM Ghislandi, F Cumer - L'INTEGRAZIONE SCOLASTICA E …, 2012",N/A,iris.unitn.it,0,"L'abbonamento si effet. tua versando E 33, 50 (per abbonamenti individuali) o E 38, 80 (perEnti, Scuole, Istituzioni) sul c/e postale n. 10182384 intestato a El-Centro Studi Erickson, Via …",https://iris.unitn.it/bitstream/11572/32880/1/2012_03b.pdf
159,Think-Aloud Verbalizations for Identifying User Experience Problems: Effects ofLanguage Proficiencywith Chinese Non-Native English Speakers,"M Fan, L Zhu - Proceedings of the Ninth International Symposium of …, 2021",N/A,dl.acm.org,0,"… WhileITAmight be able to identify slightly more problems, … of the effects of Englishlanguageproficiencyon think-aloud … ers had intermediate or higherlanguageproficiency(Table 1). …",https://dl.acm.org/doi/abs/10.1145/3490355.3490358
160,[B]Confirming the impact of performance tasks on latent class membership and placement decisions,JR Gevara,2016,,0,"… is an accepted framework forITAtests in general, this … The final component (PerformanceTasks) is assumed byITA… consists of the results from 498ITAcandidates that took the test …",https://search.proquest.com/openview/13dafebb302a72c0e1167a9ae74f49f0/1?pq-origsite=gscholar&cbl=18750
161,Cornell University Center for Teaching Innovation: A Study on the Program for Improving Graduate Students' Teaching Ability,"W Yi - International Journal of Educational Review, 2025",N/A,janfs-journals.org,0,… All TAs from countries where English is not the first language must take a 30-minutelanguageassessment. This assessment is anoralproficiencyinterview divided into two parts. In the …,https://www.janfs-journals.org/index.php/ijer/article/view/22
162,20. Aligning language assessments to standards and frameworks,"S Papageorgiou- Handbook of secondlanguage assessment, 2016",N/A,books.google.com,0,"… Potential ITAs took the TOEFL iBT Speaking section, while their performance on localITA…ITAs into categories based on their performance on theITAtests (eg, no teaching restrictions, …",https://books.google.com/books?hl=en&lr=&id=aFm7CwAAQBAJ&oi=fnd&pg=PT355&dq=(%22ITA%22+OR+%22Foreign+teaching+assistant*%22+OR+%22International+teaching+assistant*%22+OR+%22Non-native+teaching+assistant*%22)+AND+(%22speaking+assessment*%22+OR+%22rubric*%22+OR+%22language+proficiency%22+OR+%22oral+proficiency%22+OR+%22language+assessment%22+OR+%22accent+assessment%22+OR+%22intelligibility+assessment%22)+-Italian+-lingua&ots=nvEZzof0uR&sig=xFINAXtKYg3u2cKBz6_-UPvBwDA
163,[CITATION][C]Under controlled conditions: TheITAas laboratory assistant,"C Myers, B Plakans - Preparing the professoriate of …, 1991",N/A,"Kendall/Hunt Dubuque, IA",0,,N/A
164,[CITATION][C]Validating the Use of TOEFL iBT Speaking Section Scores forITAScreening and Setting Standards for ITAs,"X Xi -Language AssessmentQuarterly, 2007",N/A,N/A,0,,N/A
165,[CITATION][C]ITAAssessment through Office-Hour Role-Play: Task Quality andRubric Consistency,"H Ren,SD Looney, ST Cushing - 2020 conference of the American …, 2020",N/A,aaal.confex.com,0,,https://aaal.confex.com/aaal/2020/meetingapp.cgi/Session/4046
166,"Interpreting the relationships between TOEFL iBT scores and GPA:Language proficiency, policy, and profiles","A Ginther,X Yan- Language Testing, 2018",N/A,journals.sagepub.com,0,"…language-proficiencycut scores. Until 2012, Purdue’s undergraduate admissions officersscreened applicants only on thelanguageproficiency… Purdue established theirITAprogram …",https://journals.sagepub.com/doi/abs/10.1177/0265532217704010
167,Test-taker characteristics and integrated speaking test performance: A path-analytic study,"HTD Huang, STA Hung, HTV Hong -Language Assessment…, 2016",N/A,Taylor & Francis,0,"…languageproficiencyin this study reflected general proficiency instead oforalproficiency, it… mostly of test-takers’languageproficiencyrather than idiosyncratic individual attributes and …",https://www.tandfonline.com/doi/abs/10.1080/15434303.2016.1236111
168,"[CITATION][C]Academic Success and EnglishLanguage ProficiencyAmong Senior Secondary School Two Students in Calabar Metropolis, Cross River State, by …","F Attah, PIta- Journal of International Educational Research, 2017",N/A,N/A,0,,N/A
169,Assessing the oral English abilities of international teaching assistants in the USA,"T Farnsworth - The companion tolanguage assessment, 2013",N/A,Wiley Online Library,0,… and level oflanguageproficiencyrequired for successful … situational constraints that affectITAassessment decisions and … for those involved inITAeducation and assessment programs …,https://onlinelibrary.wiley.com/doi/abs/10.1002/9781118411360.wbcla082
170,Using corpus linguistics to examine the extrapolation inference in the validity argument for a high-stakes speaking assessment,"GT LaFlair,S Staples- Language Testing, 2017",N/A,journals.sagepub.com,0,"… of the extrapolation inference in a validity argument for the Michigan EnglishLanguageAssessmentBattery (MELAB) speaking task, anoralproficiencyinterview (OPI). To do so, we …",https://journals.sagepub.com/doi/abs/10.1177/0265532217713951
171,Proctoring remote language assessments,"E Voss- … in technology mediatedlanguage assessment, 2023",N/A,taylorfrancis.com,0,…Languageassessmentis an integral part of society and is used to evaluate language ability… andlanguageassessmentadministrators. Although thelanguageassessmentliterature …,https://www.taylorfrancis.com/chapters/edit/10.4324/9781003292395-15/proctoring-remote-language-assessments-erik-voss
172,"Englishlanguage assessmentpolicies, programs, and test instruments for health sciences at the University of Minnesota",M King,2014,,0,"… To address an ongoing concern about the language ability of nonnative speakinginstructors at the university, the CTL and theITAprogram are committed to providing not only …",https://conservancy.umn.edu/bitstreams/a680386a-0ae7-4566-82ba-e9190bc356d6/download
173,[CITATION][C]for the degree of DOCTOR OF PHILOSOPHY,CN Hsieh- 2011,N/A,Michigan State University,0,,N/A
174,Functional language in academic lectures–an investigation of corpus linguistic findings nad implication forlanguage assessment,"H Ren, V Cortes - Book of Abstracts",N/A,icame.info,0,… from 30ITAteaching demonstrations in anITAtest …ITAassessments. This study supportsthe connection between corpus linguistic studies and their applications inlanguageassessment…,https://icame.info/wp-content/uploads/ICAME42_Book_of_Abstracts.pdf#page=128
175,Predicting ESL learners'oral proficiencyby measuring the collocations in their spontaneous speech,J Xu- 2015,N/A,search.proquest.com,0,"… learners’oralproficiency(ie, human holistic scores andoralproficiencycertification decisions)… In addition, the OCPMs as a whole predicted the participants’oralproficiencycertification …",https://search.proquest.com/openview/0f6961b407b15ca2aa46fd026dc04657/1?pq-origsite=gscholar&cbl=18750
176,Considering interlocutors in university discourse communities: Impacting US undergraduates' perceptions of ITAs through a structured contact program,"S Staples,O Kang, E Wittner - English for Specific Purposes, 2014",N/A,Elsevier,0,"… Native speakers are often the primary members of these discourse communities, especiallyin inner circle countries such as the USITA(international teaching assistant) researchers …",https://www.sciencedirect.com/science/article/pii/S088949061400012X
177,Development of a direct assessment for measuring students' ability to make connections,"M West, MEIta, L Rumreich,RL Kajfez… - 2021 ASEE Virtual …, 2021",N/A,peer.asee.org,0,The integration of entrepreneurial minded learning (EML) into engineering courses to developstudents’ entrepreneurial mindset (EM) is growing in popularity through efforts such as the …,https://peer.asee.org/development-of-a-direct-assessment-for-measuring-students-ability-to-make-connections
178,[B]Handbook of secondlanguage assessment,"D Tsagari,J Banerjee- 2016",N/A,books.google.com,0,Secondlanguageassessmentis ubiquitous. It has found its way from education into questionsabout access to professions and migration. This volume focuses on the main debates and …,https://books.google.com/books?hl=en&lr=&id=3kO7CwAAQBAJ&oi=fnd&pg=PR5&dq=(%22ITA%22+OR+%22Foreign+teaching+assistant*%22+OR+%22International+teaching+assistant*%22+OR+%22Non-native+teaching+assistant*%22)+AND+(%22speaking+assessment*%22+OR+%22rubric*%22+OR+%22language+proficiency%22+OR+%22oral+proficiency%22+OR+%22language+assessment%22+OR+%22accent+assessment%22+OR+%22intelligibility+assessment%22)+-Italian+-lingua&ots=teebiJtULz&sig=AeEsAO3v_6YRFkE2IjD2Ep9cZRs
179,Capstone Design Project in the Professional Master's in Aeronautical Engineering–a Collaboration BetweenITAand Embraer,"PT Lourencao,FL Bussamra, LF Ventura… - AIAA SCITECH 2025 …, 2025",N/A,arc.aiaa.org,0,… over 1600 engineers for Embraer and over 1000 master's theses authorized byITA. … Theselection of students is done byITAand Embraer in partnership. Since the objective of the …,https://arc.aiaa.org/doi/abs/10.2514/6.2025-1652
180,Foreign teaching assistant trainingand orientation pilot project,"C Chaudron, M Pennington,J Brown- 1987",N/A,scholarspace.manoa.hawaii.edu,0,"… standardized written English test (such as the TOEFL here at UHM) and since written testscores are not necessarily good predictors oforalproficiency, some of the FTAs selected may …",https://scholarspace.manoa.hawaii.edu/bitstreams/a6c2ba65-ba9d-4516-a35f-0a7388d7b181/download
181,Quantitative research methods in assessment and testing,"JE Purpura- Handbook of research in second language …, 2011",N/A,api.taylorfrancis.com,0,"… Over the yearslanguageassessmentresearchers have … be applied to questions inlanguageassessmentand practice. … are relevant to being an effectiveITA. Finally, the social …",https://api.taylorfrancis.com/content/chapters/edit/download?identifierName=doi&identifierValue=10.4324/9780203836507-50&type=chapterpdf
182,The roles of suprasegmental features in predicting Englishoral proficiencywith an automated system,"O Kang,D Johnson-Language AssessmentQuarterly, 2018",N/A,Taylor & Francis,0,"… that automatically scores theoralproficiencyof non-native … from the Cambridge EnglishLanguageAssessment(CELA), … listener’s assessment of learners’oralproficiency. However, the …",https://www.tandfonline.com/doi/abs/10.1080/15434303.2018.1451531
183,Developing collective eyes for Iranian EFL teachers' computer-assistedlanguage assessmentliteracy through internet-based collaborative reflection,"R Esfandiari,MH Arefian- Education and Information Technologies, 2024",N/A,Springer,0,… Computer-assistedlanguageassessmentliteracy (LAL) has … computer-assistedlanguageassessmentpractices and how … computer-assistedlanguageassessmentpractices enhanced …,https://link.springer.com/article/10.1007/s10639-023-12201-w
184,Functions and effects of international teaching assistants,"WS Fox, G Gay - The Review of Higher Education, 1994",N/A,muse.jhu.edu,0,"… theITAprogram director. Between August 1988 and May 1991, the OEPP screened 708ITA… dents (52 percent) for Englishlanguageproficiencyon the basis of their SPEAK test results. …",https://muse.jhu.edu/pub/1/article/644627/summary
185,A comparison of American and international students lifestyles and perceptions of the university experience,"SS Minchew, MB Couvillion - National Forum of Applied …, 2010",N/A,nationalforum.com,0,"… However,ITAorientation often consists of generic manuals … often concentrate solely onlanguageproficiency. While the … ITAs will assist the planners ofITAorientations in providing the …","http://www.nationalforum.com/Electronic%20Journal%20Volumes/Minchew,%20Sue%20S.%20A%20Comparison%20of%20American%20and%20International%20Students%20Lifestyles%20and%20Perceptions%20of%20the%20University%20Experience.pdf"
186,"[CITATION][C]To be published as: Thorne, SL, Reinhardt, J., & Golombek, P.(forthcoming). Mediation as Objectification in the Development of Professional Discourse: A …",SL Thorne,N/A,N/A,0,,N/A
187,Research on interlanguage variation: Implications for language testing,"E Tarone- Interfaces between second language acquisition and …, 1998",N/A,cambridge.org,0,"… 2 The authors note: ""Performance testing inITAeducation … a context-specific orallanguageproficiency; and how might this … One might rather identify those dimensions oforalproficiency…",https://www.cambridge.org/core/services/aop-cambridge-core/content/view/6AB011C942A36EC77F312B7BAB759264
188,Critical analysis on TOEFL ITP as alanguage assessment,"W Taufiq,DR Santoso,N Fediyanto- … Conference on Intellectuals …, 2018",N/A,atlantis-press.com,0,"The evaluation of the use of TOEFL as alanguageassessmentis the main concern to bestudied on this paper. Using qualitative method, the researchers evaluate some specific …",https://www.atlantis-press.com/proceedings/icigr-17/25890878
189,[CITATION][C]Test ofOral Proficiencyof Adult EFL Learners: Focus on Implications of Adult EFL Learners' Strategic Competence in TheirOral Proficiency,SB Oh,N/A,N/A,0,,N/A
190,"Speaking performances, stakeholder perceptions, and test scores: Extrapolating from the Duolingo English test to the university","DR Isbell,D Crowther,H Nishizawa- Language Testing, 2024",N/A,journals.sagepub.com,0,"… For example, Englishlanguageproficiencytests such as the DET, TOEFL iBT, and IELTS …fulfill a specific task or role, such as serving as anITAat an English-medium university. It is this …",https://journals.sagepub.com/doi/abs/10.1177/02655322231165984
191,"OnlineLanguage Assessmentthe Exception, Not the Rule: For Inclusive Language Learning.","VK Sharma,WA Holbah- Arab World English Journal, 2022",N/A,ERIC,0,"… of the use of onlinelanguageassessment(OLA) using … in various domains likelanguageassessmentsecurity, time … in onlinelanguageassessmentin new and in crisis contexts. …",https://eric.ed.gov/?id=EJ1363144
192,BOOK REVIEW: Unsubstantiated Claims About theOral ProficiencyInterview,"GB Halleck -Language AssessmentQuarterly: An International …, 2005",N/A,Taylor & Francis,0,"The main focus of this book, according to the author, is to determine whether theoralproficiencyinterview (OPI) is “a valid instrument for assessing language speaking proficiency”(p. 1). …",https://www.tandfonline.com/doi/pdf/10.1207/s15434311laq0204_5
193,EFL Female College Students and Instructors' Preferred Method ofSpeaking Assessment:APerspective from Saudi Arabia.,"R Al-Jarf- Online Submission, 2021",N/A,ERIC,0,… English Test for assessing thelanguageproficiencyof health professionals [6-8] and others.… the criteria English teachers associate with generaloralproficiency[14]; scoring procedures …,https://eric.ed.gov/?id=ED616903
194,Food Security and Preparedness Measures Against Flooding in Flood-Prone Areas of Cross River State,"…,AA Ojong,KJ Ubuh, REO Etim,OVIta… - INTERNATIONAL …, 2025",N/A,gagdm.com,0,This study ascertained the level of preparedness towards flooding among flood-pronecommunities’ dwellers and the food security coping strategies adopted by the communities in …,https://gagdm.com/index.php/IJIVIE/article/download/367/362
195,[CITATION][C]How to establish and run a comprehensive teaching assistant training program,"K Hiiemae, L Lambert, D Hayes - Preparing the professoriate of tomorrow to teach, 1991",N/A,N/A,0,,N/A
196,[CITATION][C]Test ofOral Proficiencyof Adult EFL Learners: Focus on Implications of Adult EFL Learners' Strategic Competence in TheirOral Proficiency,"O Sok-Bong - ENGLISH TEACHING (영어교육), 1992",N/A,N/A,0,,N/A
197,Culture Shock Encountered in American Classrooms by a First-Time TeachingInternational Teaching Assistant Dung(Davy) Tran,"CSEBYA FIRST, TTITA- 2018",N/A,midtesol.org,0,"… Not onlyoralproficiencybut also other aspects could prevent ITAs from teaching … As afemale, non-native, atheisticITA, I did have some concerns before teaching the composition …",https://www.midtesol.org/docs/Journal2018/ITAs.pdf
198,A Bill of Rights for International Teaching Assistants.,GA Barnes,1990,,0,"…ITArights and highlights how these rights protect theITApopulation. ITAs have, or shouldhave, the right to: (1) maintain their own languages and cultures and, consequently, to practice …",https://eric.ed.gov/?id=ED323792
199,Standard Setting in the Post-Modern Era for anITAPerformance Test.,"DT GRIFFEE, JR GEVARA - Texas Papers in Foreign …, 2011",N/A,search.ebscohost.com,0,… The purpose of this study is to investigate the standard setting process for anITAperformancetest. … His research and career interests are in secondlanguageassessmentand second …,https://search.ebscohost.com/login.aspx?direct=true&profile=ehost&scope=site&authtype=crawler&jrnl=08988471&AN=94084377&h=upEcJ64GF6PY%2BykQb807PUUvO03soXnTbuL3mtFwaYHClXbf8n021MADtgB7cHtTW5FGWQfzIBoS%2BdvcJqZugg%3D%3D&crl=c
200,Cohesion and Perceived Proficiency inITAOral Communication across Engineering and the Sciences,J Haan,2015,,0,… This chapter examines spoken datafrom anITAproficiency test to better understand the …describe how ITAs at varying levels oflanguageproficiencyuse different patterns of discourse in …,https://ecommons.udayton.edu/eng_fac_pub/89/
